semana;mes;fundo;empresa;lote;hectareas;variedad_producto;color_producto;guia_remision;reporte_produccion;fecha;total_jabas;peso_promedio_jaba;cajas_exportadas_10kg;ingreso_packing_kg_bruto;kg_exportados;porcentaje_exportados;kg_descarte;porcentaje_descarte;kg_merma;porcentaje_merma;kg_descarte_campo;kg_brutos_lote;kg_brutos_hectarea;kg_exportados_hectarea;estado;cliente;temperatura_promedio;temperatura_maxima;temperatura_minima;humedad_promedio;humedad_maxima;humedad_minima;evapotranspiracion_acumulada;insumo_para_tratamiento;naturaleza_del_insumo;dosis_litros_por_hectarea;tipo_insumo
13;Marzo;FUNDO1;EMPRESA;DNH-06;9.75;Hass;Negra;T008 N° 0000109;0001-0002239;25/03/2024;5;428.13;200.50;2140.67;2005.00;0.9366;45.63;0.0213;90.04;0.0421;0.00;2140.67;219.46;205.55;Cosechando;CLIENTE2;24.28;32.00;19.20;67.04;85.00;45.00;5.62;BIOMURIKATA;ORGANICA;2.0;ACARICIDA
13;Marzo;FUNDO1;EMPRESA;DNH-05;10.91;Hass;Negra;T008 N° 0000109;0001-0002239;25/03/2024;10;428.13;401.00;4281.33;4010.00;0.9366;91.25;0.0213;180.08;0.0421;0.00;4281.33;392.36;367.49;Cosechando;CLIENTE2;24.28;32.00;19.20;67.04;85.00;45.00;5.62;KING PLUS ZINC;MINERAL;1.0;NUTRIENTE
13;Marzo;FUNDO1;EMPRESA;DNH-04;11.76;Hass;Negra;T008 N° 0000109;0001-0002239;25/03/2024;18;428.13;721.80;7706.40;7218.00;0.9366;164.25;0.0213;324.15;0.0421;0.00;7706.40;655.51;613.97;Cosechando;CLIENTE2;24.28;32.00;19.20;67.04;85.00;45.00;5.62;KADONDO;QUIMICA;1.5;ACARICIDA
13;Marzo;FUNDO1;EMPRESA;DNH-03;11.62;Hass;Negra;T008 N° 0000109;0001-0002239;25/03/2024;19;428.13;761.90;8134.53;7619.00;0.9366;173.37;0.0213;342.16;0.0421;0.00;8134.53;699.81;655.46;Cosechando;CLIENTE2;24.28;32.00;19.20;67.04;85.00;45.00;5.62;BASFOLIAR POTASIO;MINERAL;1.6;NUTRIENTE
13;Marzo;FUNDO1;EMPRESA;DNH-02;11.50;Hass;Negra;T008 N° 0000109;0001-0002239;25/03/2024;5;428.13;200.50;2140.67;2005.00;0.9366;45.63;0.0213;90.04;0.0421;0.00;2140.67;186.08;174.28;Cosechando;CLIENTE2;24.28;32.00;19.20;67.04;85.00;45.00;5.62;FRUIT XL;QUIMICA;1.0;HORMONAS
13;Marzo;FUNDO2;EMPRESA;CVH-17;7.21;Hass;Negra;T008 N° 0000109;0001-0002239;25/03/2024;3;428.13;120.30;1284.40;1203.00;0.9366;27.38;0.0213;54.03;0.0421;0.00;1284.40;178.14;166.85;Cosechando;CLIENTE2;24.28;32.00;19.20;67.04;85.00;45.00;5.62;LEMURIA;ORGANICA;3.0;ACARICIDA
13;Marzo;FUNDO2;EMPRESA;CVH-16;7.35;Hass;Negra;T008 N° 0000110;0001-0002240;26/03/2024;7;416.97;277.04;2918.82;2770.38;0.9491;46.42;0.0159;102.02;0.0350;0.00;2918.82;397.07;376.88;Cosechando;CLIENTE2;25.20;32.50;21.00;64.65;76.00;48.00;4.92;AMINOLOM;ORGANICA;2.0;ANTIESTRES
13;Marzo;FUNDO2;EMPRESA;CVH-08;9.57;Hass;Negra;T008 N° 0000110;0001-0002240;26/03/2024;1;416.97;39.58;416.97;395.76;0.9491;6.63;0.0159;14.57;0.0350;0.00;416.97;43.56;41.35;Cosechando;CLIENTE2;25.20;32.50;21.00;64.65;76.00;48.00;4.92;FERTIMAR;ORGANICA;1.0;ANTIESTRES
13;Marzo;FUNDO2;EMPRESA;CVH-07;9.16;Hass;Negra;T008 N° 0000110;0001-0002240;26/03/2024;6;416.98;237.46;2501.85;2374.61;0.9491;39.79;0.0159;87.45;0.0350;0.00;2501.85;273.01;259.13;Cosechando;CLIENTE2;25.20;32.50;21.00;64.65;76.00;48.00;4.92;MOVAXION;QUIMICA;1.0;NUTRIENTE
13;Marzo;FUNDO2;EMPRESA;CVH-01;8.05;Hass;Negra;T008 N° 0000110;0001-0002240;26/03/2024;5;416.97;197.88;2084.87;1978.84;0.9491;33.16;0.0159;72.87;0.0350;0.00;2084.87;258.91;245.74;Cosechando;CLIENTE2;25.20;32.50;21.00;64.65;76.00;48.00;4.92;VAPOR GARD;QUIMICA;1.0;PROTECTOR
13;Marzo;FUNDO2;EMPRESA;CVH-02;9.62;Hass;Negra;T008 N° 0000110;0001-0002240;26/03/2024;8;416.98;316.61;3335.80;3166.15;0.9491;53.05;0.0159;116.60;0.0350;0.00;3335.80;346.77;329.13;Cosechando;CLIENTE2;25.20;32.50;21.00;64.65;76.00;48.00;4.92;MOVAXION;MINERAL;2.0;NUTRIENTE
13;Marzo;FUNDO2;EMPRESA;CVH-03;9.77;Hass;Negra;T008 N° 0000110;0001-0002240;26/03/2024;3;416.97;118.73;1250.92;1187.30;0.9491;19.89;0.0159;43.72;0.0350;0.00;1250.92;128.02;121.51;Cosechando;CLIENTE2;25.20;32.50;21.00;64.65;76.00;48.00;4.92;AMINOLOM;ORGANICA;2.0;ANTIESTRES
13;Marzo;FUNDO2;EMPRESA;CVH-10;7.27;Hass;Negra;T008 N° 0000110;0001-0002240;26/03/2024;5;416.97;197.88;2084.87;1978.84;0.9491;33.16;0.0159;72.87;0.0350;0.00;2084.87;286.65;272.08;Cosechando;CLIENTE2;25.20;32.50;21.00;64.65;76.00;48.00;4.92;LEMURIA;ORGANICA;3.0;ACARICIDA
13;Marzo;FUNDO2;EMPRESA;CVH-14;8.24;Hass;Negra;T008 N° 0000110;0001-0002240;26/03/2024;4;416.98;158.31;1667.90;1583.07;0.9491;26.53;0.0159;58.30;0.0350;0.00;1667.90;202.48;192.18;Cosechando;CLIENTE2;25.20;32.50;21.00;64.65;76.00;48.00;4.92;ZITRICK ACAROS;ORGANICA;1.5;ACARICIDA
13;Marzo;FUNDO3;EMPRESA;MH-05;26.08;Hass;Negra;T008 N° 0000111;0001-0002240;26/03/2024;2;436.00;82.77;872.00;827.65;0.9491;13.87;0.0159;30.48;0.0350;0.00;872.00;33.44;31.74;Cosechando;CLIENTE2;25.20;32.50;21.00;64.65;76.00;48.00;4.92;SPIDM;ORGANICA;1.0;ACARICIDA
13;Marzo;FUNDO2;EMPRESA;CVH-13;6.55;Hass;Negra;T008 N° 0000111;0001-0002240;26/03/2024;3;436.00;124.15;1308.00;1241.48;0.9491;20.80;0.0159;45.72;0.0350;0.00;1308.00;199.62;189.47;Cosechando;CLIENTE2;25.20;32.50;21.00;64.65;76.00;48.00;4.92;INDIKA;QUIMICA;2.0;ANTIESTRES
13;Marzo;FUNDO2;EMPRESA;CVH-15;8.74;Hass;Negra;T008 N° 0000111;0001-0002240;26/03/2024;3;436.00;124.15;1308.00;1241.48;0.9491;20.80;0.0159;45.72;0.0350;0.00;1308.00;149.67;142.05;Cosechando;CLIENTE2;25.20;32.50;21.00;64.65;76.00;48.00;4.92;DK-TINA;QUIMICA;2.0;ACARICIDA
13;Marzo;FUNDO2;EMPRESA;CVH-17;7.21;Hass;Negra;T008 N° 0000111;0001-0002240;26/03/2024;9;436.00;372.44;3924.00;3724.44;0.9491;62.41;0.0159;137.16;0.0350;0.00;3924.00;544.24;516.56;Cosechando;CLIENTE2;25.20;32.50;21.00;64.65;76.00;48.00;4.92;LEMURIA;ORGANICA;3.0;ACARICIDA
13;Marzo;FUNDO2;EMPRESA;CVH-17;7.21;Hass;Negra;T008 N° 0000112;0;26/03/2024;1;0.00;0.00;0.00;0.00;0.0000;0.00;0.0000;0.00;0.0000;483.50;483.50;67.06;0.00;Cosechando;CLIENTE1;25.20;32.50;21.00;64.65;76.00;48.00;4.92;LEMURIA;ORGANICA;3.0;ACARICIDA
13;Marzo;FUNDO1;EMPRESA;DNH-06;9.75;Hass;Negra;T008 N° 0000112;0;26/03/2024;1;0.00;0.00;0.00;0.00;0.0000;0.00;0.0000;0.00;0.0000;483.50;483.50;49.57;0.00;Cosechando;CLIENTE1;25.20;32.50;21.00;64.65;76.00;48.00;4.92;BIOMURIKATA;ORGANICA;2.0;ACARICIDA
13;Marzo;FUNDO2;EMPRESA;CVH-04;9.58;Hass;Negra;T008 N° 0000113;0001-0002243;27/03/2024;9;426.73;362.21;3840.56;3622.09;0.9431;66.84;0.0174;151.64;0.0395;0.00;3840.56;400.72;377.93;Cosechando;CLIENTE2;25.07;33.30;19.40;67.06;85.00;41.00;5.83;ACARISTOP;QUIMICA;1.0;ACARICIDA
13;Marzo;FUNDO2;EMPRESA;CVH-05;9.56;Hass;Negra;T008 N° 0000113;0001-0002243;27/03/2024;4;426.73;160.98;1706.91;1609.81;0.9431;29.70;0.0174;67.39;0.0395;0.00;1706.91;178.61;168.45;Cosechando;CLIENTE2;25.07;33.30;19.40;67.06;85.00;41.00;5.83;DK-TINA;QUIMICA;2.0;ACARICIDA
13;Marzo;FUNDO2;EMPRESA;CVH-06;10.59;Hass;Negra;T008 N° 0000113;0001-0002243;27/03/2024;5;426.73;201.23;2133.64;2012.27;0.9431;37.13;0.0174;84.24;0.0395;0.00;2133.64;201.47;190.01;Cosechando;CLIENTE2;25.07;33.30;19.40;67.06;85.00;41.00;5.83;DOMADOR;QUIMICA;1.0;FUNGICIDA
13;Marzo;FUNDO2;EMPRESA;CVH-03;9.77;Hass;Negra;T008 N° 0000113;0001-0002243;27/03/2024;5;426.73;201.23;2133.64;2012.27;0.9431;37.13;0.0174;84.24;0.0395;0.00;2133.64;218.36;205.94;Cosechando;CLIENTE2;25.07;33.30;19.40;67.06;85.00;41.00;5.83;AMINOLOM;ORGANICA;2.0;ANTIESTRES
13;Marzo;FUNDO2;EMPRESA;CVH-11;9.85;Hass;Negra;T008 N° 0000113;0001-0002243;27/03/2024;11;426.73;442.70;4694.02;4426.99;0.9431;81.69;0.0174;185.34;0.0395;0.00;4694.02;476.61;449.50;Cosechando;CLIENTE2;25.07;33.30;19.40;67.06;85.00;41.00;5.83;DOMADOR;QUIMICA;1.0;FUNGICIDA
13;Marzo;FUNDO2;EMPRESA;CVH-12;9.84;Hass;Negra;T008 N° 0000113;0001-0002243;27/03/2024;1;426.73;40.25;426.73;402.45;0.9431;7.43;0.0174;16.85;0.0395;0.00;426.73;43.37;40.91;Cosechando;CLIENTE2;25.07;33.30;19.40;67.06;85.00;41.00;5.83;ACARISTOP;QUIMICA;1.0;ACARICIDA
13;Marzo;FUNDO2;EMPRESA;CVH-12;9.84;Hass;Negra;T008 N° 0000113;0001-0002243;27/03/2024;7;433.93;286.47;3037.50;2864.71;0.9431;52.86;0.0174;119.93;0.0395;0.00;3037.50;308.74;291.18;Cosechando;CLIENTE2;25.07;33.30;19.40;67.06;85.00;41.00;5.83;ACARISTOP;QUIMICA;2.0;ACARICIDA
13;Marzo;FUNDO2;EMPRESA;CVH-09;10.24;Hass;Negra;T008 N° 0000113;0001-0002243;27/03/2024;4;433.93;163.70;1735.72;1636.98;0.9431;30.21;0.0174;68.53;0.0395;0.00;1735.72;169.44;159.80;Cosechando;CLIENTE2;25.07;33.30;19.40;67.06;85.00;41.00;5.83;FERTIMAR;ORGANICA;2.0;ANTIESTRES
13;Marzo;FUNDO2;EMPRESA;CVH-08;9.57;Hass;Negra;T008 N° 0000113;0001-0002243;27/03/2024;5;433.93;204.62;2169.64;2046.22;0.9431;37.76;0.0174;85.67;0.0395;0.00;2169.64;226.68;213.78;Cosechando;CLIENTE2;25.07;33.30;19.40;67.06;85.00;41.00;5.83;FERTIMAR;ORGANICA;1.0;ANTIESTRES
13;Marzo;FUNDO3;EMPRESA;MH-08;10.72;Hass;Negra;T008 N° 0000113;0001-0002243;27/03/2024;5;433.93;204.62;2169.64;2046.22;0.9431;37.76;0.0174;85.67;0.0395;0.00;2169.64;202.39;190.88;Cosechando;CLIENTE2;25.07;33.30;19.40;67.06;85.00;41.00;5.83;HADDAK;QUIMICA;3.0;PROTECTOR
13;Marzo;FUNDO1;EMPRESA;DNH-04;11.76;Hass;Negra;T008 N° 0000115;0;27/03/2024;1;0.00;0.00;0.00;0.00;0.0000;0.00;0.0000;0.00;0.0000;427.38;427.38;36.35;0.00;Cosechando;CLIENTE1;25.07;33.30;19.40;67.06;85.00;41.00;5.83;KADONDO;QUIMICA;1.5;ACARICIDA
13;Marzo;FUNDO1;EMPRESA;DNH-05;10.91;Hass;Negra;T008 N° 0000115;0;27/03/2024;1;0.00;0.00;0.00;0.00;0.0000;0.00;0.0000;0.00;0.0000;427.38;427.38;39.17;0.00;Cosechando;CLIENTE1;25.07;33.30;19.40;67.06;85.00;41.00;5.83;KING PLUS ZINC;MINERAL;1.0;NUTRIENTE
13;Marzo;FUNDO1;EMPRESA;DNH-03;11.62;Hass;Negra;T008 N° 0000115;0;27/03/2024;1;0.00;0.00;0.00;0.00;0.0000;0.00;0.0000;0.00;0.0000;427.38;427.38;36.77;0.00;Cosechando;CLIENTE1;25.07;33.30;19.40;67.06;85.00;41.00;5.83;BASFOLIAR POTASIO;MINERAL;1.6;NUTRIENTE
13;Marzo;FUNDO2;EMPRESA;CVH-11;9.85;Hass;Negra;T008 N° 0000115;0;27/03/2024;1;0.00;0.00;0.00;0.00;0.0000;0.00;0.0000;0.00;0.0000;427.38;427.38;43.39;0.00;Cosechando;CLIENTE1;25.07;33.30;19.40;67.06;85.00;41.00;5.83;DOMADOR;QUIMICA;1.0;FUNGICIDA
14;Abril;FUNDO3;EMPRESA;MH-03;26.57;Hass;Negra;T008 N° 0000121;0001-0002248;01/04/2024;1;679.50;57.00;679.50;570.00;0.8389;55.50;0.0817;54.00;0.0795;0.00;679.50;25.57;21.45;Cosechando;CLIENTE1;23.36;33.50;17.70;68.21;91.00;36.00;6.24;MOLIBDENO;ORGANICA;2.5;NUTRIENTE
14;Abril;FUNDO3;EMPRESA;MH-03;26.57;Hass;Negra;T008 N° 0000119;0001-0002247;01/04/2024;42;427.67;1720.27;17962.00;17202.71;0.9577;9.49;0.0005;749.80;0.0417;0.00;17962.00;676.03;647.45;Cosechando;CLIENTE2;23.36;33.50;17.70;68.21;91.00;36.00;6.24;MOLIBDENO;ORGANICA;2.5;NUTRIENTE
14;Abril;FUNDO3;EMPRESA;MH-05;26.08;Hass;Negra;T008 N° 0000119;0001-0002247;01/04/2024;7;431.64;289.37;3021.46;2893.74;0.9577;1.60;0.0005;126.13;0.0417;0.00;3021.46;115.85;110.96;Cosechando;CLIENTE2;23.36;33.50;17.70;68.21;91.00;36.00;6.24;SPIDM;ORGANICA;1.0;ACARICIDA
14;Abril;FUNDO3;EMPRESA;MH-10;11.65;Hass;Negra;T008 N° 0000119;0001-0002247;01/04/2024;2;431.64;82.68;863.27;826.78;0.9577;0.46;0.0005;36.04;0.0417;0.00;863.27;74.10;70.97;Cosechando;CLIENTE2;23.36;33.50;17.70;68.21;91.00;36.00;6.24;FERTIMAR;ORGANICA;3.0;ANTIESTRES
14;Abril;FUNDO3;EMPRESA;MH-07;22.02;Hass;Negra;T008 N° 0000119;0001-0002247;01/04/2024;2;431.64;82.68;863.27;826.78;0.9577;0.46;0.0005;36.04;0.0417;0.00;863.27;39.20;37.55;Cosechando;CLIENTE2;23.36;33.50;17.70;68.21;91.00;36.00;6.24;ERRASER;QUIMICA;1.6;HORMONAS
14;Abril;FUNDO3;EMPRESA;MH-03;26.57;Hass;Negra;T008 N° 0000125;0001-0002251;02/04/2024;8;428.83;329.97;3430.67;3299.67;0.9618;3.10;0.0009;127.90;0.0373;0.00;3430.67;129.12;124.19;Cosechando;CLIENTE2;22.80;32.00;17.70;67.40;87.00;41.00;5.82;MOLIBDENO;ORGANICA;2.5;NUTRIENTE
14;Abril;FUNDO3;EMPRESA;MH-12;13.41;Hass;Negra;T008 N° 0000125;0001-0002251;02/04/2024;1;428.83;41.25;428.83;412.45;0.9618;0.39;0.0009;15.99;0.0373;0.00;428.83;31.98;30.76;Cosechando;CLIENTE2;22.80;32.00;17.70;67.40;87.00;41.00;5.82;AMINOLOM;ORGANICA;2.0;ANTIESTRES
14;Abril;FUNDO3;EMPRESA;MH-05;26.08;Hass;Negra;T008 N° 0000125;0001-0002251;02/04/2024;42;421.04;1700.82;17683.50;17008.24;0.9618;15.99;0.0009;659.27;0.0373;0.00;17683.50;678.05;652.16;Cosechando;CLIENTE2;22.80;32.00;17.70;67.40;87.00;41.00;5.82;SPIDM;ORGANICA;1.0;ACARICIDA
14;Abril;FUNDO3;EMPRESA;MH-12;13.41;Hass;Negra;T008 N° 0000125;0001-0002251;02/04/2024;9;433.17;374.96;3898.50;3749.63;0.9618;3.52;0.0009;145.34;0.0373;0.00;3898.50;290.72;279.61;Cosechando;CLIENTE2;22.80;32.00;17.70;67.40;87.00;41.00;5.82;AMINOLOM;ORGANICA;2.0;ANTIESTRES
14;Abril;FUNDO3;EMPRESA;MH-05;26.08;Hass;Negra;T008 N° 0000125;0001-0002250;02/04/2024;1;270.00;27.00;270.00;270.00;1.0000;0.00;0.0000;0.00;0.0000;0.00;270.00;10.35;10.35;Cosechando;CLIENTE1;22.80;32.00;17.70;67.40;87.00;41.00;5.82;SPIDM;ORGANICA;1.0;ACARICIDA
14;Abril;FUNDO3;EMPRESA;MH-12;13.41;Hass;Negra;T008 N° 0000125;0001-0002250;02/04/2024;1;50.00;5.00;50.00;50.00;1.0000;0.00;0.0000;0.00;0.0000;0.00;50.00;3.73;3.73;Cosechando;CLIENTE1;22.80;32.00;17.70;67.40;87.00;41.00;5.82;AMINOLOM;ORGANICA;2.0;ANTIESTRES
14;Abril;FUNDO3;EMPRESA;MH-08;10.72;Hass;Negra;T008 N° 0000126;0001-0002253;03/04/2024;18;424.38;734.36;7638.75;7343.56;0.9614;16.18;0.0021;279.00;0.0365;0.00;7638.75;712.57;685.03;Cosechando;CLIENTE2;23.63;30.20;19.90;64.46;79.00;46.00;4.37;HADDAK;QUIMICA;3.0;PROTECTOR
14;Abril;FUNDO1;EMPRESA;DNH-01;17.18;Hass;Negra;T008 N° 0000126;0001-0002253;03/04/2024;18;424.38;734.36;7638.75;7343.56;0.9614;16.18;0.0021;279.00;0.0365;0.00;7638.75;444.56;427.38;Cosechando;CLIENTE2;23.63;30.20;19.90;64.46;79.00;46.00;4.37;INVELOP;QUIMICA;4.0;PROTECTOR
14;Abril;FUNDO1;EMPRESA;DNH-01;17.18;Hass;Negra;T008 N° 0000126;0001-0002253;03/04/2024;2;420.11;80.77;840.21;807.74;0.9614;1.78;0.0021;30.69;0.0365;0.00;840.21;48.90;47.01;Cosechando;CLIENTE2;23.63;30.20;19.90;64.46;79.00;46.00;4.37;INVELOP;QUIMICA;4.0;PROTECTOR
14;Abril;FUNDO3;EMPRESA;MH-05;26.08;Hass;Negra;T008 N° 0000126;0001-0002253;03/04/2024;2;420.11;80.77;840.21;807.74;0.9614;1.78;0.0021;30.69;0.0365;0.00;840.21;32.22;30.97;Cosechando;CLIENTE2;23.63;30.20;19.90;64.46;79.00;46.00;4.37;SPIDM;ORGANICA;1.0;ACARICIDA
14;Abril;FUNDO3;EMPRESA;MH-12;13.41;Hass;Negra;T008 N° 0000126;0001-0002253;03/04/2024;20;420.10;807.74;8402.08;8077.39;0.9614;17.80;0.0021;306.88;0.0365;0.00;8402.08;626.55;602.34;Cosechando;CLIENTE2;23.63;30.20;19.90;64.46;79.00;46.00;4.37;AMINOLOM;ORGANICA;2.0;ANTIESTRES
14;Abril;FUNDO3;EMPRESA;MH-05;26.08;Hass;Negra;T008 N° 0000126;0001-0002254;03/04/2024;1;410.00;41.00;410.00;410.00;1.0000;0.00;0.0000;0.00;0.0000;0.00;410.00;15.72;15.72;Cosechando;CLIENTE1;23.63;30.20;19.90;64.46;79.00;46.00;4.37;SPIDM;ORGANICA;1.0;ACARICIDA
14;Abril;FUNDO3;EMPRESA;MH-12;13.41;Hass;Negra;T008 N° 0000126;0001-0002254;03/04/2024;1;310.00;31.00;310.00;310.00;1.0000;0.00;0.0000;0.00;0.0000;0.00;310.00;23.12;23.12;Cosechando;CLIENTE1;23.63;30.20;19.90;64.46;79.00;46.00;4.37;AMINOLOM;ORGANICA;2.0;ANTIESTRES
14;Abril;FUNDO1;EMPRESA;DNH-06;9.75;Hass;Negra;T008 N° 0000127;0001-0002258;04/04/2024;1;541.25;54.13;541.25;541.25;1.0000;0.00;0.0000;0.00;0.0000;0.00;541.25;55.49;55.49;Cosechando;CLIENTE1;23.79;33.40;18.90;67.15;85.00;39.00;5.57;BIOMURIKATA;ORGANICA;2.0;ACARICIDA
14;Abril;FUNDO1;EMPRESA;DNH-04;11.76;Hass;Negra;T008 N° 0000127;0001-0002258;04/04/2024;1;541.25;54.13;541.25;541.25;1.0000;0.00;0.0000;0.00;0.0000;0.00;541.25;46.04;46.04;Cosechando;CLIENTE1;23.79;33.40;18.90;67.15;85.00;39.00;5.57;KADONDO;QUIMICA;1.5;ACARICIDA
14;Abril;FUNDO3;EMPRESA;MH-03;26.57;Hass;Negra;T008 N° 0000128;0001-0002258;04/04/2024;2;403.75;80.75;807.50;807.50;1.0000;0.00;0.0000;0.00;0.0000;0.00;807.50;30.39;30.39;Cosechando;CLIENTE1;23.79;33.40;18.90;67.15;85.00;39.00;5.57;MOLIBDENO;ORGANICA;2.5;NUTRIENTE
14;Abril;FUNDO1;EMPRESA;DNH-06;9.75;Hass;Negra;T008 N° 0000127;0001-0002257;04/04/2024;18;423.91;714.10;7630.45;7141.04;0.9359;98.53;0.0129;390.88;0.0512;0.00;7630.45;782.27;732.10;Cosechando;CLIENTE2;23.79;33.40;18.90;67.15;85.00;39.00;5.57;BIOMURIKATA;ORGANICA;2.0;ACARICIDA
14;Abril;FUNDO1;EMPRESA;DNH-04;11.76;Hass;Negra;T008 N° 0000127;0001-0002257;04/04/2024;40;423.91;1586.90;16956.55;15868.96;0.9359;218.97;0.0129;868.62;0.0512;0.00;16956.55;1442.34;1349.83;Cosechando;CLIENTE2;23.79;33.40;18.90;67.15;85.00;39.00;5.57;KADONDO;QUIMICA;1.5;ACARICIDA
14;Abril;FUNDO1;EMPRESA;DNH-06;9.75;Hass;Negra;T008 N° 0000131;0001-0002262;05/04/2024;38;436.95;1552.92;16604.07;15529.19;0.9353;484.38;0.0292;590.50;0.0356;0.00;16604.07;1702.25;1592.05;Cosechando;CLIENTE1;23.92;31.90;20.30;68.85;85.00;46.00;5.51;BIOMURIKATA;ORGANICA;2.0;ACARICIDA
14;Abril;FUNDO1;EMPRESA;DNH-04;11.76;Hass;Negra;T008 N° 0000131;0001-0002262;05/04/2024;21;436.95;858.19;9175.93;8581.92;0.9353;267.68;0.0292;326.33;0.0356;0.00;9175.93;780.51;729.98;Cosechando;CLIENTE1;23.92;31.90;20.30;68.85;85.00;46.00;5.51;KADONDO;QUIMICA;1.5;ACARICIDA
14;Abril;FUNDO3;EMPRESA;MH-05;26.08;Hass;Negra;T008 N° 0000132;0001-0002262;05/04/2024;1;426.50;39.89;426.50;398.89;0.9353;12.44;0.0292;15.17;0.0356;0.00;426.50;16.35;15.29;Cosechando;CLIENTE1;23.92;31.90;20.30;68.85;85.00;46.00;5.51;SPIDM;ORGANICA;1.0;ACARICIDA
14;Abril;FUNDO1;EMPRESA;DNH-04;11.76;Hass;Negra;T008 N° 0000133;0001-0002265;06/04/2024;3;480.00;144.00;1440.00;1440.00;1.0000;0.00;0.0000;0.00;0.0000;0.00;1440.00;122.49;122.49;Cosechando;CLIENTE2;23.21;30.50;19.70;72.13;85.00;48.00;5.79;KADONDO;QUIMICA;1.5;ACARICIDA
14;Abril;FUNDO1;EMPRESA;DNH-04;11.76;Hass;Negra;T008 N° 0000133;0001-0002266;06/04/2024;59;417.36;2322.77;24624.50;23227.69;0.9433;515.57;0.0209;881.24;0.0358;0.00;24624.50;2094.58;1975.77;Cosechando;CLIENTE1;23.21;30.50;19.70;72.13;85.00;48.00;5.79;KADONDO;QUIMICA;1.5;ACARICIDA
14;Abril;FUNDO3;EMPRESA;MH-12;13.41;Hass;Negra;T008 N° 0000134;0001-0002266;06/04/2024;1;426.50;40.23;426.50;402.31;0.9433;8.93;0.0209;15.26;0.0358;0.00;426.50;31.80;30.00;Cosechando;CLIENTE1;23.21;30.50;19.70;72.13;85.00;48.00;5.79;AMINOLOM;ORGANICA;2.0;ANTIESTRES
15;Abril;FUNDO3;EMPRESA;MH-12;13.41;Hass;Negra;T008 N° 0000137;0001-0002268;08/04/2024;27;441.30;1088.86;11915.00;10888.63;0.9139;574.26;0.0482;452.11;0.0379;0.00;11915.00;888.52;811.98;Cosechando;CLIENTE2;23.02;31.80;18.60;71.67;86.00;45.00;4.77;AMINOLOM;ORGANICA;2.0;ANTIESTRES
15;Abril;FUNDO3;EMPRESA;MH-05;26.08;Hass;Negra;T008 N° 0000137;0001-0002268;08/04/2024;33;439.03;1324.00;14488.00;13239.99;0.9139;698.27;0.0482;549.75;0.0379;0.00;14488.00;555.52;507.67;Cosechando;CLIENTE2;23.02;31.80;18.60;71.67;86.00;45.00;4.77;SPIDM;ORGANICA;1.0;ACARICIDA
15;Abril;FUNDO3;EMPRESA;MH-12;13.41;Hass;Negra;T008 N° 0000138;0001-0002268;08/04/2024;45;403.43;1659.07;18154.50;16590.65;0.9139;874.98;0.0482;688.87;0.0379;0.00;18154.50;1353.80;1237.18;Cosechando;CLIENTE2;23.02;31.80;18.60;71.67;86.00;45.00;4.77;AMINOLOM;ORGANICA;2.0;ANTIESTRES
15;Abril;FUNDO3;EMPRESA;MH-05;26.08;Hass;Negra;T008 N° 0000138;0001-0002268;08/04/2024;15;385.23;528.07;5778.50;5280.73;0.9139;278.50;0.0482;219.27;0.0379;0.00;5778.50;221.57;202.48;Cosechando;CLIENTE2;23.02;31.80;18.60;71.67;86.00;45.00;4.77;SPIDM;ORGANICA;1.0;ACARICIDA
15;Abril;FUNDO3;EMPRESA;MH-05;26.08;Hass;Negra;T008 N° 0000138;0001-0002270;08/04/2024;2;395.00;79.00;790.00;790.00;1.0000;0.00;0.0000;0.00;0.0000;0.00;790.00;30.29;30.29;Cosechando;CLIENTE1;23.02;31.80;18.60;71.67;86.00;45.00;4.77;SPIDM;ORGANICA;1.0;ACARICIDA
15;Abril;FUNDO3;EMPRESA;MH-12;13.41;Hass;Negra;T008 N° 0000138;0001-0002270;08/04/2024;4;437.50;175.00;1750.00;1750.00;1.0000;0.00;0.0000;0.00;0.0000;0.00;1750.00;130.50;130.50;Cosechando;CLIENTE1;23.02;31.80;18.60;71.67;86.00;45.00;4.77;AMINOLOM;ORGANICA;2.0;ANTIESTRES
15;Abril;FUNDO3;EMPRESA;MH-05;26.08;Hass;Negra;T008 N° 0000140;0001-0002275;09/04/2024;33;444.94;1367.86;14683.00;13678.64;0.9316;425.65;0.0290;578.71;0.0394;0.00;14683.00;563.00;524.49;Cosechando;CLIENTE2;22.93;31.40;18.70;72.56;87.00;45.00;5.66;SPIDM;ORGANICA;1.0;ACARICIDA
15;Abril;FUNDO3;EMPRESA;MH-08;10.72;Hass;Negra;T008 N° 0000140;0001-0002275;09/04/2024;21;439.60;860.00;9231.50;8600.04;0.9316;267.62;0.0290;363.85;0.0394;0.00;9231.50;861.15;802.24;Cosechando;CLIENTE2;22.93;31.40;18.70;72.56;87.00;45.00;5.66;HADDAK;QUIMICA;3.0;PROTECTOR
15;Abril;FUNDO3;EMPRESA;MH-12;13.41;Hass;Negra;T008 N° 0000140;0001-0002275;09/04/2024;5;443.70;206.67;2218.50;2066.75;0.9316;64.31;0.0290;87.44;0.0394;0.00;2218.50;165.44;154.12;Cosechando;CLIENTE2;22.93;31.40;18.70;72.56;87.00;45.00;5.66;AMINOLOM;ORGANICA;2.0;ANTIESTRES
15;Abril;FUNDO3;EMPRESA;MH-05;26.08;Hass;Negra;T008 N° 0000142;0001-0002275;09/04/2024;6;306.42;171.27;1838.50;1712.74;0.9316;53.30;0.0290;72.46;0.0394;0.00;1838.50;70.49;65.67;Cosechando;CLIENTE2;22.93;31.40;18.70;72.56;87.00;45.00;5.66;SPIDM;ORGANICA;1.0;ACARICIDA
15;Abril;FUNDO3;EMPRESA;MH-08;10.72;Hass;Negra;T008 N° 0000142;0001-0002275;09/04/2024;30;417.90;1167.94;12537.00;11679.43;0.9316;363.44;0.0290;494.13;0.0394;0.00;12537.00;1169.50;1089.50;Cosechando;CLIENTE2;22.93;31.40;18.70;72.56;87.00;45.00;5.66;HADDAK;QUIMICA;3.0;PROTECTOR
15;Abril;FUNDO3;EMPRESA;MH-12;13.41;Hass;Negra;T008 N° 0000142;0001-0002275;09/04/2024;24;428.58;958.24;10286.00;9582.41;0.9316;298.18;0.0290;405.41;0.0394;0.00;10286.00;767.04;714.57;Cosechando;CLIENTE2;22.93;31.40;18.70;72.56;87.00;45.00;5.66;AMINOLOM;ORGANICA;2.0;ANTIESTRES
15;Abril;FUNDO3;EMPRESA;MH-08;10.72;Hass;Negra;T008 N° 0000142;0001-0002274;09/04/2024;2;385.00;77.00;770.00;770.00;1.0000;0.00;0.0000;0.00;0.0000;0.00;770.00;71.83;71.83;Cosechando;CLIENTE1;22.93;31.40;18.70;72.56;87.00;45.00;5.66;HADDAK;QUIMICA;3.0;PROTECTOR
15;Abril;FUNDO3;EMPRESA;MH-05;26.08;Hass;Negra;T008 N° 0000142;0001-0002274;09/04/2024;2;345.00;69.00;690.00;690.00;1.0000;0.00;0.0000;0.00;0.0000;0.00;690.00;26.46;26.46;Cosechando;CLIENTE1;22.93;31.40;18.70;72.56;87.00;45.00;5.66;SPIDM;ORGANICA;1.0;ACARICIDA
15;Abril;FUNDO3;EMPRESA;MH-08;10.72;Hass;Negra;T008 N° 0000142;0001-0002274;09/04/2024;1;247.00;24.70;247.00;247.00;1.0000;0.00;0.0000;0.00;0.0000;0.00;247.00;23.04;23.04;Cosechando;CLIENTE1;22.93;31.40;18.70;72.56;87.00;45.00;5.66;HADDAK;QUIMICA;3.0;PROTECTOR
15;Abril;FUNDO3;EMPRESA;MH-12;13.41;Hass;Negra;T008 N° 0000141;0001-0002274;09/04/2024;1;453.00;45.30;453.00;453.00;1.0000;0.00;0.0000;0.00;0.0000;0.00;453.00;33.78;33.78;Cosechando;CLIENTE1;22.93;31.40;18.70;72.56;87.00;45.00;5.66;AMINOLOM;ORGANICA;2.0;ANTIESTRES
15;Abril;FUNDO3;EMPRESA;MH-05;26.08;Hass;Negra;T008 N° 0000144;0001-0002277;10/04/2024;60;425.06;2347.00;25503.50;23470.00;0.9203;1142.50;0.0448;891.00;0.0349;0.00;25503.50;977.89;899.92;Cosechando;CLIENTE2;23.63;34.20;18.60;70.65;86.00;39.00;5.31;SPIDM;ORGANICA;1.0;ACARICIDA
15;Abril;FUNDO3;EMPRESA;MH-05;26.08;Hass;Negra;T008 N° 0000144;0001-0002278;10/04/2024;2;525.00;105.00;1050.00;1050.00;1.0000;0.00;0.0000;0.00;0.0000;0.00;1050.00;40.26;40.26;Cosechando;CLIENTE1;23.63;34.20;18.60;70.65;86.00;39.00;5.31;SPIDM;ORGANICA;1.0;ACARICIDA
15;Abril;FUNDO3;EMPRESA;MH-05;26.08;Hass;Negra;T008 N° 0000146;0001-0002282;10/04/2024;24;416.18;942.80;9988.40;9428.00;0.9439;142.60;0.0143;417.80;0.0418;0.00;9988.40;382.99;361.50;Cosechando;CLIENTE2;23.63;34.20;18.60;70.65;86.00;39.00;5.31;SPIDM;ORGANICA;1.0;ACARICIDA
15;Abril;FUNDO1;EMPRESA;DNH-04;11.76;Hass;Negra;T008 N° 0000146;0001-0002282;10/04/2024;36;416.18;1414.20;14982.60;14142.00;0.9439;213.90;0.0143;626.70;0.0418;0.00;14982.60;1274.43;1202.93;Cosechando;CLIENTE2;23.63;34.20;18.60;70.65;86.00;39.00;5.31;KADONDO;QUIMICA;1.5;ACARICIDA
15;Abril;FUNDO1;EMPRESA;DNH-04;11.76;Hass;Negra;T008 N° 0000147;0001-0002285;11/04/2024;60;423.83;2322.00;25430.00;23220.00;0.9131;1365.50;0.0537;844.50;0.0332;0.00;25430.00;2163.10;1975.11;Cosechando;CLIENTE2;23.69;32.80;19.70;69.38;84.00;43.00;4.99;KADONDO;QUIMICA;1.5;ACARICIDA
15;Abril;FUNDO1;EMPRESA;DNH-04;11.76;Hass;Negra;T008 N° 0000147;0001-0002286;11/04/2024;3;380.00;114.00;1140.00;1140.00;1.0000;0.00;0.0000;0.00;0.0000;0.00;1140.00;96.97;96.97;Cosechando;CLIENTE1;23.69;32.80;19.70;69.38;84.00;43.00;4.99;KADONDO;QUIMICA;1.5;ACARICIDA
15;Abril;FUNDO1;EMPRESA;DNH-04;11.76;Hass;Negra;T008 N° 0000148;0001-0002283;11/04/2024;9;421.54;379.39;3793.85;3793.85;1.0000;0.00;0.0000;0.00;0.0000;0.00;3793.85;322.71;322.71;Cosechando;CLIENTE1;23.69;32.80;19.70;69.38;84.00;43.00;4.99;KADONDO;QUIMICA;1.5;ACARICIDA
15;Abril;FUNDO2;EMPRESA;CVH-09;10.24;Hass;Negra;T008 N° 0000148;0001-0002283;11/04/2024;4;421.54;168.62;1686.15;1686.15;1.0000;0.00;0.0000;0.00;0.0000;0.00;1686.15;164.60;164.60;Cosechando;CLIENTE1;23.69;32.80;19.70;69.38;84.00;43.00;4.99;FERTIMAR;ORGANICA;2.0;ANTIESTRES
15;Abril;FUNDO1;EMPRESA;DNH-04;11.76;Hass;Negra;T008 N° 0000148;0001-0002284;11/04/2024;40;348.66;1268.00;13946.33;12680.00;0.9092;766.33;0.0549;500.00;0.0359;0.00;13946.33;1186.29;1078.57;Cosechando;CLIENTE2;23.69;32.80;19.70;69.38;84.00;43.00;4.99;KADONDO;QUIMICA;1.5;ACARICIDA
15;Abril;FUNDO2;EMPRESA;CVH-09;10.24;Hass;Negra;T008 N° 0000148;0001-0002284;11/04/2024;20;348.66;634.00;6973.17;6340.00;0.9092;383.17;0.0549;250.00;0.0359;0.00;6973.17;680.73;618.92;Cosechando;CLIENTE2;23.69;32.80;19.70;69.38;84.00;43.00;4.99;FERTIMAR;ORGANICA;2.0;ANTIESTRES
15;Abril;FUNDO1;EMPRESA;DNH-01;17.18;Hass;Negra;T008 N° 0000149;0001-0002293;12/04/2024;4;484.88;193.95;1939.50;1939.50;1.0000;0.00;0.0000;0.00;0.0000;0.00;1939.50;112.87;112.87;Cosechando;CLIENTE1;23.87;31.40;19.90;67.75;81.00;47.00;5.78;INVELOP;QUIMICA;4.0;PROTECTOR
15;Abril;FUNDO1;EMPRESA;DNH-04;11.76;Hass;Negra;T030 N° 0000001;0001-0002293;12/04/2024;1;450.50;45.05;450.50;450.50;1.0000;0.00;0.0000;0.00;0.0000;0.00;450.50;38.32;38.32;Cosechando;CLIENTE1;23.87;31.40;19.90;67.75;81.00;47.00;5.78;KADONDO;QUIMICA;1.5;ACARICIDA
15;Abril;FUNDO1;EMPRESA;DNH-01;17.18;Hass;Negra;T008 N° 0000149;0001-0002292;12/04/2024;60;413.18;2294.58;24791.00;22945.76;0.9256;858.33;0.0346;986.92;0.0398;0.00;24791.00;1442.78;1335.39;Cosechando;CLIENTE2;23.87;31.40;19.90;67.75;81.00;47.00;5.78;INVELOP;QUIMICA;4.0;PROTECTOR
15;Abril;FUNDO1;EMPRESA;DNH-01;17.18;Hass;Negra;T008 N° 0000149;0001-0002292;12/04/2024;17;439.20;691.07;7466.46;6910.72;0.9256;258.51;0.0346;297.24;0.0398;0.00;7466.46;434.53;402.19;Cosechando;CLIENTE2;23.87;31.40;19.90;67.75;81.00;47.00;5.78;INVELOP;QUIMICA;4.0;PROTECTOR
15;Abril;FUNDO2;EMPRESA;CVH-09;10.24;Hass;Negra;T008 N° 0000149;0001-0002292;12/04/2024;16;439.20;650.42;7027.25;6504.20;0.9256;243.30;0.0346;279.75;0.0398;0.00;7027.25;686.01;634.95;Cosechando;CLIENTE2;23.87;31.40;19.90;67.75;81.00;47.00;5.78;FERTIMAR;ORGANICA;2.0;ANTIESTRES
15;Abril;FUNDO1;EMPRESA;DNH-04;11.76;Hass;Negra;T008 N° 0000149;0001-0002292;12/04/2024;26;439.20;1056.93;11419.29;10569.33;0.9256;395.36;0.0346;454.60;0.0398;0.00;11419.29;971.33;899.04;Cosechando;CLIENTE2;23.87;31.40;19.90;67.75;81.00;47.00;5.78;KADONDO;QUIMICA;1.5;ACARICIDA
15;Abril;FUNDO1;EMPRESA;DNH-01;17.18;Hass;Negra;T008 N° 0000151;0001-0002295;13/04/2024;60;454.85;2369.21;27291.00;23692.07;0.8681;2736.90;0.1003;862.03;0.0316;0.00;27291.00;1588.28;1378.83;Cosechando;CLIENTE1;22.90;32.20;18.30;71.31;85.00;45.00;5.47;INVELOP;QUIMICA;4.0;PROTECTOR
15;Abril;FUNDO1;EMPRESA;DNH-01;17.18;Hass;Negra;T008 N° 0000152;0001-0002295;13/04/2024;41;457.18;1627.24;18744.30;16272.44;0.8681;1879.79;0.1003;592.07;0.0316;0.00;18744.30;1090.88;947.02;Cosechando;CLIENTE1;22.90;32.20;18.30;71.31;85.00;45.00;5.47;INVELOP;QUIMICA;4.0;PROTECTOR
15;Abril;FUNDO2;EMPRESA;CVH-09;10.24;Hass;Negra;T008 N° 0000152;0001-0002295;13/04/2024;18;457.18;714.40;8229.20;7144.00;0.8681;825.27;0.1003;259.93;0.0316;0.00;8229.20;803.34;697.40;Cosechando;CLIENTE1;22.90;32.20;18.30;71.31;85.00;45.00;5.47;FERTIMAR;ORGANICA;2.0;ANTIESTRES
15;Abril;FUNDO1;EMPRESA;DNH-01;17.18;Hass;Negra;T030 N° 0000002;0001-0002295;13/04/2024;1;474.00;41.15;474.00;411.49;0.8681;47.54;0.1003;14.97;0.0316;0.00;474.00;27.59;23.95;Cosechando;CLIENTE1;22.90;32.20;18.30;71.31;85.00;45.00;5.47;INVELOP;QUIMICA;4.0;PROTECTOR
16;Abril;FUNDO1;EMPRESA;DNH-01;17.18;Hass;Negra;T008 N° 0000153;0001-0002296;15/04/2024;60;433.08;2385.00;25985.00;23850.00;0.9178;1420.50;0.0547;714.50;0.0275;0.00;25985.00;1512.27;1388.02;Cosechando;CLIENTE2;20.56;26.10;18.20;80.85;92.00;62.00;4.57;INVELOP;QUIMICA;4.0;PROTECTOR
16;Abril;FUNDO1;EMPRESA;DNH-01;17.18;Hass;Negra;T008 N° 0000153;0001-0002297;15/04/2024;2;345.00;69.00;690.00;690.00;1.0000;0.00;0.0000;0.00;0.0000;0.00;690.00;40.16;40.16;Cosechando;CLIENTE1;20.56;26.10;18.20;80.85;92.00;62.00;4.57;INVELOP;QUIMICA;4.0;PROTECTOR
16;Abril;FUNDO1;EMPRESA;DNH-01;17.18;Hass;Negra;T008 N° 0000154;0001-0002299;15/04/2024;34;401.03;1250.92;13634.85;12509.23;0.9174;690.41;0.0506;435.21;0.0319;0.00;13634.85;793.52;728.01;Cosechando;CLIENTE2;20.56;26.10;18.20;80.85;92.00;62.00;4.57;INVELOP;QUIMICA;4.0;PROTECTOR
16;Abril;FUNDO1;EMPRESA;DNH-05;10.91;Hass;Negra;T008 N° 0000154;0001-0002299;15/04/2024;26;401.03;956.59;10426.65;9565.88;0.9174;527.96;0.0506;332.81;0.0319;0.00;10426.65;955.54;876.66;Cosechando;CLIENTE2;20.56;26.10;18.20;80.85;92.00;62.00;4.57;KING PLUS ZINC;MINERAL;1.0;NUTRIENTE
16;Abril;FUNDO1;EMPRESA;DNH-05;10.91;Hass;Negra;T008 N° 0000155;0001-0002299;15/04/2024;60;444.88;2448.89;26692.50;24488.91;0.9174;1351.60;0.0506;851.99;0.0319;0.00;26692.50;2446.21;2244.27;Cosechando;CLIENTE2;20.56;26.10;18.20;80.85;92.00;62.00;4.57;KING PLUS ZINC;MINERAL;1.0;NUTRIENTE
16;Abril;FUNDO1;EMPRESA;DNH-05;10.91;Hass;Negra;T008 N° 0000156;0001-0002299;15/04/2024;59;447.37;2421.60;26395.00;24215.97;0.9174;1336.53;0.0506;842.50;0.0319;0.00;26395.00;2418.95;2219.25;Cosechando;CLIENTE2;20.56;26.10;18.20;80.85;92.00;62.00;4.57;KING PLUS ZINC;MINERAL;1.0;NUTRIENTE
16;Abril;FUNDO1;EMPRESA;DNH-01;17.18;Hass;Negra;T008 N° 0000154;0001-0002300;15/04/2024;4;471.92;188.77;1887.67;1887.67;1.0000;0.00;0.0000;0.00;0.0000;0.00;1887.67;109.86;109.86;Cosechando;CLIENTE1;20.56;26.10;18.20;80.85;92.00;62.00;4.57;INVELOP;QUIMICA;4.0;PROTECTOR
16;Abril;FUNDO1;EMPRESA;DNH-05;10.91;Hass;Negra;T008 N° 0000154;0001-0002300;15/04/2024;2;471.92;94.38;943.83;943.83;1.0000;0.00;0.0000;0.00;0.0000;0.00;943.83;86.50;86.50;Cosechando;CLIENTE1;20.56;26.10;18.20;80.85;92.00;62.00;4.57;KING PLUS ZINC;MINERAL;1.0;NUTRIENTE
16;Abril;FUNDO1;EMPRESA;DNH-01;17.18;Hass;Negra;T030 N° 0000003;0001-0002300;15/04/2024;1;428.50;42.85;428.50;428.50;1.0000;0.00;0.0000;0.00;0.0000;0.00;428.50;24.94;24.94;Cosechando;CLIENTE1;20.56;26.10;18.20;80.85;92.00;62.00;4.57;INVELOP;QUIMICA;4.0;PROTECTOR
16;Abril;FUNDO2;EMPRESA;CVH-09;10.24;Hass;Negra;T008 N° 0000161;0001-0002301;16/04/2024;1;532.50;53.25;532.50;532.50;1.0000;0.00;0.0000;0.00;0.0000;0.00;532.50;51.98;51.98;Cosechando;CLIENTE1;20.89;28.30;16.80;77.79;94.00;51.00;5.75;FERTIMAR;ORGANICA;2.0;ANTIESTRES
16;Abril;FUNDO2;EMPRESA;CVH-12;9.84;Hass;Negra;T008 N° 0000161;0001-0002301;16/04/2024;3;532.50;159.75;1597.50;1597.50;1.0000;0.00;0.0000;0.00;0.0000;0.00;1597.50;162.38;162.38;Cosechando;CLIENTE1;20.89;28.30;16.80;77.79;94.00;51.00;5.75;ACARISTOP;QUIMICA;1.0;ACARICIDA
16;Abril;FUNDO1;EMPRESA;DNH-05;10.91;Hass;Negra;T008 N° 0000157;0001-0002302;16/04/2024;60;450.33;2408.16;27019.50;24081.64;0.8913;2118.35;0.0784;819.51;0.0303;0.00;27019.50;2476.18;2206.94;Cosechando;CLIENTE2;20.89;28.30;16.80;77.79;94.00;51.00;5.75;KING PLUS ZINC;MINERAL;1.0;NUTRIENTE
16;Abril;FUNDO2;EMPRESA;CVH-09;10.24;Hass;Negra;T008 N° 0000161;0001-0002302;16/04/2024;6;308.80;165.13;1852.80;1651.34;0.8913;145.26;0.0784;56.20;0.0303;0.00;1852.80;180.87;161.21;Cosechando;CLIENTE2;20.89;28.30;16.80;77.79;94.00;51.00;5.75;FERTIMAR;ORGANICA;2.0;ANTIESTRES
16;Abril;FUNDO2;EMPRESA;CVH-12;9.84;Hass;Negra;T008 N° 0000161;0001-0002302;16/04/2024;9;308.80;247.70;2779.20;2477.01;0.8913;217.89;0.0784;84.29;0.0303;0.00;2779.20;282.49;251.77;Cosechando;CLIENTE2;20.89;28.30;16.80;77.79;94.00;51.00;5.75;ACARISTOP;QUIMICA;1.0;ACARICIDA
16;Abril;FUNDO1;EMPRESA;DNH-01;17.18;Hass;Negra;T008 N° 0000162;0001-0002303;16/04/2024;6;436.19;261.71;2617.12;2617.12;1.0000;0.00;0.0000;0.00;0.0000;0.00;2617.12;152.31;152.31;Cosechando;CLIENTE1;20.89;28.30;16.80;77.79;94.00;51.00;5.75;INVELOP;QUIMICA;4.0;PROTECTOR
16;Abril;FUNDO2;EMPRESA;CVH-09;10.24;Hass;Negra;T008 N° 0000162;0001-0002303;16/04/2024;2;436.19;87.24;872.38;872.38;1.0000;0.00;0.0000;0.00;0.0000;0.00;872.38;85.16;85.16;Cosechando;CLIENTE1;20.89;28.30;16.80;77.79;94.00;51.00;5.75;FERTIMAR;ORGANICA;2.0;ANTIESTRES
16;Abril;FUNDO1;EMPRESA;DNH-05;10.91;Hass;Negra;T030 N° 0000004;0001-0002303;16/04/2024;1;480.50;48.05;480.50;480.50;1.0000;0.00;0.0000;0.00;0.0000;0.00;480.50;44.04;44.04;Cosechando;CLIENTE1;20.89;28.30;16.80;77.79;94.00;51.00;5.75;KING PLUS ZINC;MINERAL;1.0;NUTRIENTE
16;Abril;FUNDO1;EMPRESA;DNH-05;10.91;Hass;Negra;T008 N° 0000158;0001-0002304;16/04/2024;60;447.51;2365.44;26850.50;23654.44;0.8810;2321.03;0.0864;875.03;0.0326;0.00;26850.50;2460.69;2167.79;Cosechando;CLIENTE2;20.89;28.30;16.80;77.79;94.00;51.00;5.75;KING PLUS ZINC;MINERAL;1.0;NUTRIENTE
16;Abril;FUNDO1;EMPRESA;DNH-05;10.91;Hass;Negra;T008 N° 0000159;0001-0002304;16/04/2024;40;447.91;1578.37;17916.33;15783.72;0.8810;1548.73;0.0864;583.88;0.0326;0.00;17916.33;1641.93;1446.49;Cosechando;CLIENTE2;20.89;28.30;16.80;77.79;94.00;51.00;5.75;KING PLUS ZINC;MINERAL;1.0;NUTRIENTE
16;Abril;FUNDO1;EMPRESA;DNH-01;17.18;Hass;Negra;T008 N° 0000159;0001-0002304;16/04/2024;20;447.91;789.19;8958.17;7891.87;0.8810;774.37;0.0864;291.94;0.0326;0.00;8958.17;521.35;459.29;Cosechando;CLIENTE2;20.89;28.30;16.80;77.79;94.00;51.00;5.75;INVELOP;QUIMICA;4.0;PROTECTOR
16;Abril;FUNDO1;EMPRESA;DNH-01;17.18;Hass;Negra;T008 N° 0000162;0001-0002304;16/04/2024;30;379.49;1002.95;11384.66;10029.53;0.8810;984.12;0.0864;371.01;0.0326;0.00;11384.66;662.56;583.70;Cosechando;CLIENTE2;20.89;28.30;16.80;77.79;94.00;51.00;5.75;INVELOP;QUIMICA;4.0;PROTECTOR
16;Abril;FUNDO2;EMPRESA;CVH-09;10.24;Hass;Negra;T008 N° 0000162;0001-0002304;16/04/2024;14;379.49;468.04;5312.84;4680.44;0.8810;459.26;0.0864;173.14;0.0326;0.00;5312.84;518.64;456.91;Cosechando;CLIENTE2;20.89;28.30;16.80;77.79;94.00;51.00;5.75;FERTIMAR;ORGANICA;2.0;ANTIESTRES
